id;date_chat;message;state_chat
1;2023-03-22;Tuna Accounts Cotton;Officer Kentucky
2;2023-03-22;Customizable programming;complexity
3;2023-03-23;Gambia superstructure Belarussian;bypass Account
4;2023-03-22;wireless infomediaries Functionality;optical alarm
5;2023-03-22;Granite;Jewelery Strategist
6;2023-03-22;methodical intangible auxiliary;Upgradable partnerships
7;2023-03-22;Manager;Bangladesh impactful card
8;2023-03-22;heuristic;monitoring
9;2023-03-22;navigate;Maine Bhutan implement
10;2023-03-22;virtual;Handmade firewall Alley
