id;trade_money;trade_pups;pedigree;other_notes;contract_date
1;Guinea-Bissau orchid B2B;azure cross-platform leverage;Island online;deposit bottom-line Agent;2023-03-22
2;Engineer;Account Buckinghamshire;Sol Data;real-time index Cambridgeshire;2023-03-22
3;best-of-breed methodical calculating;index Data;Island;Product Pants;2023-03-22
4;Fiji neural Russian;Gloves;technologies invoice Ball;success productivity;2023-03-22
5;Tuna;Refined Bedfordshire;Gorgeous;Money Rustic;2023-03-22
6;e-business;upward-trending;up Account;one-to-one;2023-03-22
7;transmitter up;Small Mobility;reboot calculate Berkshire;Borders;2023-03-22
8;transmitting;Granite invoice multi-byte;architecture Chicken;Frozen neural;2023-03-22
9;JSON Garden;Licensed input;system open-source;target;2023-03-22
10;expedite back-end;payment Account Grocery;Licensed installation;silver Awesome olive;2023-03-22
