id;first_name;second_name;first_last_name;second_last_name;phone_number;photo;identity_number;address;province;canton;district;otp;created_at;updated_at
1;Gaetano;global Washington Electronics;deposit virtual e-enable;generate revolutionary driver;89920;monitor Virginia;Radial Branding;dot-com directional Mission;Falls Borders;Investment Refined Incredible;Sleek;Electronics;2023-03-22;2023-03-22
2;Mittie;Mills Small;paradigms Malta e-tailers;Borders;88618;modular compressing JBOD;Virgin Corporate;copy;Indiana Baby Small;Virginia XSS Regional;Carolina;Checking payment Frozen;2023-03-22;2023-03-22
3;Cale;scale Rubber emulation;matrix;Chief niches definition;36727;Uzbekistan;empower Sleek system;e-commerce FTP Enhanced;Soap;Granite Plastic Producer;turquoise Berkshire;Peru Cotton Sports;2023-03-22;2023-03-22
4;Darrick;SMTP Liberia Incredible;calculating port;Angola framework;6459;Home Fish overriding;Car state;Principal Fish;programming;driver wireless;Pants;Movies generating extranet;2023-03-22;2023-03-22
5;Charlene;application;Ruble;e-tailers;36788;SCSI;Sleek contingency;York;Orchestrator Streets;Bike Maine directional;strategic Lake Generic;orchid UIC-Franc;2023-03-22;2023-03-22
6;Nedra;maximize Toys Chips;migration website;Technician;68646;migration function invoice;streamline Clothing;Handmade CSS programming;compress;dedicated quantify;Slovenia Ethiopia;interface;2023-03-22;2023-03-22
7;Bennett;bandwidth revolutionize haptic;Interactions bleeding-edge Compatible;Guyana Handcrafted Specialist;89361;Dam Norway Anguilla;Ramp Chips;Regional;database;Courts XSS;contextually-based disintermediate;robust;2023-03-22;2023-03-22
8;Raheem;unleash;Guinea-Bissau Incredible capacitor;Barbuda;26309;protocol e-business;withdrawal Computer;dynamic Maine withdrawal;enable;bypass complexity Handmade;Hat Quality;Avon;2023-03-22;2023-03-22
9;Fern;circuit;Darussalam mesh;alarm index;62682;programming RSS;Rubber system-worthy Licensed;Bike Health;connect Car;Legacy Fish sky;Kansas Bedfordshire Fresh;Auto;2023-03-23;2023-03-22
10;Leopoldo;Borders Dobra Dynamic;Forest;empowering;20331;Mobility Director;Street Handmade;compressing Versatile Shirt;Outdoors;Gorgeous whiteboard;Minnesota bleeding-edge Mobility;Open-source Multi-lateral;2023-03-22;2023-03-22
